issue_id,dossier,procedure,n_actors,outcome,reference_point,challenge_forecast,compromise_forecast,challenge_ae,compromise_ae,paired_diff_challenge_minus_compromise,winner
d00032i1,documents,COD,17,100.0,0.0,40.0,52.906,60.0,47.094,12.906,compromise
d00032i2,documents,COD,17,0.0,,50.0,53.232,50.0,53.232,-3.232,challenge
d00032i3,documents,COD,17,100.0,100.0,100.0,85.47,0.0,14.53,-14.53,challenge
d00032i4,documents,COD,17,50.0,0.0,100.0,75.758,50.0,25.758,24.242,compromise
d00060i1,buses,COD,16,50.0,,50.0,73.684,0.0,23.684,-23.684,challenge
d00060i2,buses,COD,17,0.0,0.0,0.0,20.609,0.0,20.609,-20.609,challenge
d00062i1,landmines,COD,11,90.0,,100.0,77.586,10.0,12.414,-2.414,challenge
d00062i2,landmines,COD,7,60.0,,88.982,56.25,28.982,3.75,25.232,compromise
d00062i3,landmines,COD,17,95.0,,100.0,93.075,5.0,1.925,3.075,compromise
d00067i1,tankers,COD,15,50.0,0.0,100.0,77.532,50.0,27.532,22.468,compromise
d00067i2,tankers,COD,14,100.0,0.0,0.0,35.68,100.0,64.32,35.68,compromise
d00184i1,comnet,COD,17,100.0,,60.0,51.562,40.0,48.438,-8.438,challenge
d00184i2,comnet,COD,17,30.0,,30.0,34.914,0.0,4.914,-4.914,challenge
d00184i3,comnet,COD,17,0.0,,0.0,23.122,0.0,23.122,-23.122,challenge
d95341i1,takeovers,COD,17,0.0,0.0,5.989,34.935,5.989,34.935,-28.946,challenge
d95341i3,takeovers,COD,9,0.0,0.0,75.0,47.722,75.0,47.722,27.278,compromise
d95341i4,takeovers,COD,17,0.0,0.0,50.0,72.894,50.0,72.894,-22.894,challenge
d96085i1,resale,COD,16,45.0,0.0,82.0,68.734,37.0,23.734,13.266,compromise
d96085i2,resale,COD,16,64.0,0.0,100.0,79.777,36.0,15.777,20.223,compromise
d96085i3,resale,COD,15,32.0,0.0,100.0,68.621,68.0,36.621,31.379,compromise
d96085i4,resale,COD,17,41.0,0.0,100.0,73.262,59.0,32.262,26.738,compromise
d96112i1,choco,COD,17,50.0,100.0,21.087,52.66,28.913,2.66,26.253,compromise
d96112i2,choco,COD,17,60.0,0.0,100.0,55.78,40.0,4.22,35.78,compromise
d96112i3,choco,COD,17,0.0,0.0,66.426,45.926,66.426,45.926,20.5,compromise
d96112i4,choco,COD,17,100.0,,0.0,47.028,100.0,52.972,47.028,compromise
d96161i1,guarantees,COD,17,50.0,,83.076,68.334,33.076,18.334,14.742,compromise
d96161i2,guarantees,COD,17,50.0,50.0,0.0,28.284,50.0,21.716,28.284,compromise
d97264i1,autoinsure,COD,17,78.0,0.0,44.0,50.28,34.0,27.72,6.28,compromise
d97359i1,copyright,COD,17,80.0,0.0,100.0,82.742,20.0,2.742,17.258,compromise
d97359i2,copyright,COD,16,25.0,0.0,30.551,52.733,5.551,27.733,-22.182,challenge
d97359i3,copyright,COD,17,33.0,0.0,53.067,40.785,20.067,7.785,12.281,compromise
d98134i1,cuscode,COD,17,100.0,100.0,100.0,69.187,0.0,30.813,-30.813,challenge
d98134i2,cuscode,COD,14,0.0,100.0,25.0,40.312,25.0,40.312,-15.312,challenge
d98134i3,cuscode,COD,16,0.0,0.0,75.0,50.322,75.0,50.322,24.678,compromise
d98134i4,cuscode,COD,17,50.0,0.0,100.0,77.113,50.0,27.113,22.887,compromise
d98191i1,esign,COD,17,60.0,70.0,35.0,61.693,25.0,1.693,23.307,compromise
d98191i2,esign,COD,17,50.0,70.0,80.0,66.501,30.0,16.501,13.499,compromise
d98191i3,esign,COD,16,20.0,10.0,15.0,19.57,5.0,0.43,4.57,compromise
d98195i1,socrates,COD,17,75.0,0.0,80.0,74.251,5.0,0.749,4.251,compromise
d98195i2,socrates,COD,17,100.0,0.0,3.063,25.641,96.937,74.359,22.578,compromise
d98195i3,socrates,COD,17,0.0,0.0,100.0,66.884,100.0,66.884,33.116,compromise
d98240i1,orphanmed,COD,17,100.0,0.0,100.0,85.929,0.0,14.071,-14.071,challenge
d98252i1,emoney,COD,16,60.0,0.0,75.0,58.808,15.0,1.192,13.808,compromise
d98252i2,emoney,COD,16,33.0,0.0,75.0,65.122,42.0,32.122,9.878,compromise
d98300i1,Turkey,COD,17,100.0,0.0,100.0,95.327,0.0,4.673,-4.673,challenge
d98300i2,Turkey,COD,17,100.0,,1.443,20.681,98.557,79.319,19.238,compromise
d98300i3,Turkey,COD,17,100.0,,100.0,81.308,0.0,18.692,-18.692,challenge
d98323i1,BSE,COD,17,100.0,,46.678,67.423,53.322,32.577,20.745,compromise
d98323i2,BSE,COD,17,93.0,0.0,33.0,54.074,60.0,38.926,21.074,compromise
d98323i3,BSE,COD,17,70.0,0.0,50.0,46.24,20.0,23.76,-3.76,challenge
d98325i1,ecommerce,COD,17,10.0,100.0,0.0,44.444,10.0,34.444,-24.444,challenge
d98325i2,ecommerce,COD,11,75.0,0.0,41.778,40.816,33.222,34.184,-0.961,challenge
d98325i3,ecommerce,COD,16,13.0,100.0,55.16,47.526,42.16,34.526,7.634,compromise
d99083i1,dangoods,COD,16,70.0,0.0,60.0,61.197,10.0,8.803,1.197,compromise
d99127i1,ballasts,COD,16,47.0,0.0,47.0,63.156,0.0,16.156,-16.156,challenge
d99127i2,ballasts,COD,17,30.0,0.0,0.0,18.616,30.0,11.384,18.616,compromise
d99158i1,foodads,COD,17,0.0,100.0,0.0,50.0,0.0,50.0,-50.0,challenge
d99204i1,beeflabels,COD,17,86.0,0.0,81.0,80.112,5.0,5.888,-0.888,challenge
d99204i2,beeflabels,COD,17,76.0,0.0,52.0,70.831,24.0,5.169,18.831,compromise
d99204i3,beeflabels,COD,17,20.0,0.0,60.0,68.023,40.0,48.023,-8.023,challenge
d99204i4,beeflabels,COD,17,60.0,0.0,80.0,65.51,20.0,5.51,14.49,compromise
d99217i1,beeftrade,COD,14,0.0,100.0,0.0,6.987,0.0,6.987,-6.987,challenge
d99238i1,toys,COD,17,40.0,0.0,75.0,52.779,35.0,12.779,22.221,compromise
d99238i2,toys,COD,12,67.0,0.0,67.0,56.056,0.0,10.944,-10.944,challenge
d99238i3,toys,COD,17,10.0,,82.453,58.498,72.453,48.498,23.955,compromise
d99244i1,tobacco,COD,17,90.0,0.0,100.0,70.221,10.0,19.779,-9.779,challenge
d99244i2,tobacco,COD,17,95.0,0.0,50.0,48.059,45.0,46.941,-1.941,challenge
d99244i3,tobacco,COD,17,65.0,0.0,60.0,67.322,5.0,2.322,2.678,compromise
d99244i4,tobacco,COD,15,50.0,0.0,33.747,48.768,16.253,1.232,15.021,compromise
d99244i5,tobacco,COD,17,95.0,0.0,100.0,70.288,5.0,24.712,-19.712,challenge
d99252i1,rail,COD,13,80.0,0.0,90.0,79.444,10.0,0.556,9.444,compromise
d99252i2,rail,COD,17,90.0,0.0,80.0,82.697,10.0,7.303,2.697,compromise
d99252i3,rail,COD,13,87.0,0.0,70.0,77.426,17.0,9.574,7.426,compromise
d99275i1,MEDIA,COD,17,50.0,0.0,100.0,81.061,50.0,31.061,18.939,compromise
n00030i1,visas,CNS,16,0.0,0.0,0.25,27.778,0.25,27.778,-27.528,challenge
n00030i2,visas,CNS,17,0.0,,0.0,21.488,0.0,21.488,-21.488,challenge
n00030i3,visas,CNS,17,0.0,,0.0,17.391,0.0,17.391,-17.391,challenge
n00030i4,visas,CNS,17,100.0,,47.731,23.772,52.269,76.228,-23.959,challenge
n00030i5,visas,CNS,17,0.0,,0.0,12.654,0.0,12.654,-12.654,challenge
n00030i6,visas,CNS,17,10.0,,0.0,47.054,10.0,37.054,-27.054,challenge
n00127i1,massinflux,CNS,17,100.0,,100.0,86.296,0.0,13.704,-13.704,challenge
n00127i2,massinflux,CNS,16,60.0,,40.0,44.169,20.0,15.831,4.169,compromise
n00127i3,massinflux,CNS,15,0.0,0.0,100.0,52.964,100.0,52.964,47.036,compromise
n00223i1,vat,CNS,17,100.0,0.0,100.0,97.61,0.0,2.39,-2.39,challenge
n00223i2,vat,CNS,17,100.0,,100.0,87.915,0.0,12.085,-12.085,challenge
n00250i1,CMOsugar,CNS,17,50.0,0.0,100.0,57.684,50.0,7.684,42.316,compromise
n00250i2,CMOsugar,CNS,17,0.0,0.0,100.0,89.264,100.0,89.264,10.736,compromise
n00250i3,CMOsugar,CNS,17,0.0,0.0,100.0,88.131,100.0,88.131,11.869,compromise
n00358i1,oliveoil,CNS,16,33.0,0.0,43.171,46.3,10.171,13.3,-3.129,challenge
n00358i2,oliveoil,CNS,17,30.0,0.0,100.0,75.295,70.0,45.295,24.705,compromise
n00358i3,oliveoil,CNS,8,0.0,0.0,60.0,49.356,60.0,49.356,10.644,compromise
n00358i4,oliveoil,CNS,17,0.0,0.0,0.0,11.111,0.0,11.111,-11.111,challenge
n00358i5,oliveoil,CNS,7,0.0,0.0,70.0,54.111,70.0,54.111,15.889,compromise
n0062Bi1,landmines,CNS,17,100.0,100.0,100.0,93.075,0.0,6.925,-6.925,challenge
n96114i1,honey,CNS,16,60.0,0.0,60.0,46.143,0.0,13.857,-13.857,challenge
n96114i2,honey,CNS,16,80.0,0.0,100.0,76.692,20.0,3.308,16.692,compromise
n96114i3,honey,CNS,15,0.0,0.0,100.0,57.692,100.0,57.692,42.308,compromise
n96115i1,juices,CNS,15,70.0,0.0,21.716,37.522,48.284,32.478,15.806,compromise
n96115i2,juices,CNS,5,50.0,100.0,0.0,18.142,50.0,31.858,18.142,compromise
n96160i1,fishcons,CNS,13,45.0,0.0,45.0,36.769,0.0,8.231,-8.231,challenge
n98087i1,taxcompani,CNS,5,0.0,0.0,20.0,27.926,20.0,27.926,-7.926,challenge
n98087i2,taxcompani,CNS,16,100.0,0.0,100.0,58.931,0.0,41.069,-41.069,challenge
n98092i1,hens,CNS,16,100.0,0.0,50.0,42.962,50.0,57.038,-7.038,challenge
n98092i2,hens,CNS,17,34.0,,67.0,45.233,33.0,11.233,21.767,compromise
n98092i3,hens,CNS,16,20.0,,34.135,24.775,14.135,4.775,9.36,compromise
n98092i4,hens,CNS,17,100.0,,98.056,40.102,1.944,59.898,-57.954,challenge
n98092i5,hens,CNS,16,80.0,0.0,0.0,41.127,80.0,38.873,41.127,compromise
n98092i6,hens,CNS,17,60.0,,100.0,75.661,40.0,15.661,24.339,compromise
n98109i1,CMObeef,CNS,17,50.0,100.0,50.0,50.492,0.0,0.492,-0.492,challenge
n98109i2,CMObeef,CNS,17,50.0,,58.555,58.194,8.555,8.194,0.361,compromise
n98110i1,CMOmilk,CNS,16,80.0,100.0,70.0,59.038,10.0,20.962,-10.962,challenge
n98110i2,CMOmilk,CNS,16,35.0,100.0,60.0,53.016,25.0,18.016,6.984,compromise
n98189i1,cigtax,CNS,15,50.0,0.0,75.0,66.784,25.0,16.784,8.216,compromise
n98193i1,savingstax,CNS,17,100.0,0.0,100.0,89.429,0.0,10.571,-10.571,challenge
n98193i2,savingstax,CNS,17,85.0,0.0,46.0,56.915,39.0,28.085,10.915,compromise
n98193i3,savingstax,CNS,7,0.0,,100.0,76.236,100.0,76.236,23.764,compromise
n98288i1,Art8586,CNS,16,50.0,,50.0,52.258,0.0,2.258,-2.258,challenge
n98288i2,Art8586,CNS,16,30.0,0.0,0.0,17.094,30.0,12.906,17.094,compromise
n98288i3,Art8586,CNS,16,50.0,,50.0,67.619,0.0,17.619,-17.619,challenge
n98299i1,ECTurkey,CNS,17,100.0,0.0,100.0,95.327,0.0,4.673,-4.673,challenge
n98299i2,ECTurkey,CNS,17,0.0,,1.443,20.681,1.443,20.681,-19.238,challenge
n98331i1,VAT,CNS,17,100.0,0.0,100.0,97.61,0.0,2.39,-2.39,challenge
n98331i2,VAT,CNS,17,0.0,0.0,0.0,17.544,0.0,17.544,-17.544,challenge
n98347i1,fishassist,CNS,15,100.0,100.0,100.0,77.002,0.0,22.998,-22.998,challenge
n98347i2,fishassist,CNS,16,30.0,100.0,50.0,43.895,20.0,13.895,6.105,compromise
n98354i1,civilprote,CNS,17,0.0,,77.027,52.029,77.027,52.029,24.999,compromise
n98354i2,civilprote,CNS,17,70.0,,70.0,65.298,0.0,4.702,-4.702,challenge
n99047i1,CMOfish,CNS,13,90.0,0.0,70.0,60.777,20.0,29.223,-9.223,challenge
n99047i2,CMOfish,CNS,13,40.0,90.0,40.0,50.844,0.0,10.844,-10.844,challenge
n99047i3,CMOfish,CNS,13,40.0,100.0,25.0,41.189,15.0,1.189,13.811,compromise
n99050i1,fishbehave,CNS,15,30.0,0.0,20.0,31.594,10.0,1.594,8.406,compromise
n99056i1,VATlab,CNS,17,40.0,100.0,40.0,34.766,0.0,5.234,-5.234,challenge
n99072i1,vetprod,CNS,17,89.0,0.0,67.0,72.14,22.0,16.86,5.14,compromise
n99072i2,vetprod,CNS,15,50.0,50.0,0.0,13.534,50.0,36.466,13.534,compromise
n99072i3,vetprod,CNS,15,50.0,50.0,0.0,34.286,50.0,15.714,34.286,compromise
n99092i1,forest,CNS,17,0.0,0.0,0.0,6.818,0.0,6.818,-6.818,challenge
n99092i2,forest,CNS,8,50.0,0.0,100.0,65.665,50.0,15.665,34.335,compromise
n99092i3,forest,CNS,17,100.0,0.0,49.591,36.559,50.409,63.441,-13.032,challenge
n99116i1,Eurodac,CNS,11,10.0,100.0,20.0,57.988,10.0,47.988,-37.988,challenge
n99132i1,FYRM,CNS,17,80.0,,100.0,90.741,20.0,10.741,9.259,compromise
n99138i1,fishcontro,CNS,15,80.0,0.0,27.307,31.064,52.693,48.936,3.757,compromise
n99138i2,fishcontro,CNS,13,40.0,,50.0,48.05,10.0,8.05,1.95,compromise
n99151i1,budget,CNS,17,50.0,70.0,70.0,53.144,20.0,3.144,16.856,compromise
n99154i1,civiljudge,CNS,17,73.0,73.0,73.0,63.735,0.0,9.265,-9.265,challenge
n99154i2,civiljudge,CNS,16,50.0,50.0,50.0,56.437,0.0,6.437,-6.437,challenge
n99163i1,fishdialog,CNS,17,100.0,35.0,75.0,65.395,25.0,34.605,-9.605,challenge
n99163i2,fishdialog,CNS,17,50.0,50.0,34.405,35.695,15.595,14.305,1.29,compromise
n99192i1,employctte,CNS,15,88.0,0.0,83.0,83.998,5.0,4.002,0.998,compromise
n99192i2,employctte,CNS,15,70.0,0.0,78.0,80.546,8.0,10.546,-2.546,challenge
n99202i1,cotton,CNS,17,70.0,100.0,80.0,69.603,10.0,0.397,9.603,compromise
n99202i2,cotton,CNS,17,50.0,0.0,0.0,17.581,50.0,32.419,17.581,compromise
n99214i1,MEDA,CNS,13,88.0,0.0,38.0,56.477,50.0,31.523,18.477,compromise
n99214i2,MEDA,CNS,14,45.0,30.0,100.0,76.528,55.0,31.528,23.472,compromise
n99225i1,equal,CNS,16,40.0,0.0,40.0,57.343,0.0,17.343,-17.343,challenge
n99225i2,equal,CNS,7,100.0,0.0,55.0,62.642,45.0,37.358,7.642,compromise
n99235i1,bananas,CNS,17,0.0,100.0,100.0,69.897,100.0,69.897,30.103,compromise
n99235i2,bananas,CNS,17,40.0,100.0,75.0,57.159,35.0,17.159,17.841,compromise
n99236i1,flax,CNS,17,35.0,100.0,70.0,47.611,35.0,12.611,22.389,compromise
n99236i2,flax,CNS,8,50.0,100.0,100.0,71.795,50.0,21.795,28.205,compromise
n99246i1,CMOmilk,CNS,16,50.0,100.0,50.0,54.693,0.0,4.693,-4.693,challenge
n99246i2,CMOmilk,CNS,17,67.0,0.0,0.0,23.575,67.0,43.425,23.575,compromise
n99255i1,fishjuv,CNS,17,100.0,0.0,100.0,89.278,0.0,10.722,-10.722,challenge
n99255i2,fishjuv,CNS,3,92.0,0.0,100.0,92.9,8.0,0.9,7.1,compromise
n99274i1,ERF,CNS,17,100.0,,100.0,87.294,0.0,12.706,-12.706,challenge
n99274i2,ERF,CNS,16,20.0,,100.0,43.527,80.0,23.527,56.473,compromise
n99274i3,ERF,CNS,17,0.0,,0.0,13.605,0.0,13.605,-13.605,challenge
n99276i1,MEDIApl,CNS,17,70.0,0.0,70.0,74.362,0.0,4.362,-4.362,challenge
n99276i2,MEDIApl,CNS,17,80.0,,79.613,63.295,0.387,16.705,-16.317,challenge
n99276i3,MEDIApl,CNS,17,50.0,,50.0,55.882,0.0,5.882,-5.882,challenge
n99276i4,MEDIApl,CNS,17,40.0,,50.0,36.123,10.0,3.877,6.123,compromise
n99276i5,MEDIApl,CNS,17,42.0,,42.0,44.051,0.0,2.051,-2.051,challenge
d04167i1,ERDF,COD,27,100.0,0.0,59.928,40.15,40.072,59.85,-19.779,challenge
d04167i2,ERDF,COD,27,40.0,0.0,0.0,31.784,40.0,8.216,31.784,compromise
d04167i3,ERDF,COD,22,35.0,0.0,100.0,51.004,65.0,16.004,48.996,compromise
d04167i4,ERDF,COD,27,20.0,0.0,0.0,25.566,20.0,5.566,14.434,compromise
d04209i1,worktime,COD,27,0.0,0.0,80.0,55.74,80.0,55.74,24.26,compromise
d04209i2,worktime,COD,24,0.0,0.0,100.0,61.702,100.0,61.702,38.298,compromise
d04209i3,worktime,COD,27,0.0,0.0,0.0,8.644,0.0,8.644,-8.644,challenge
d04218i1,LIFE,COD,24,25.0,100.0,41.005,54.737,16.005,29.737,-13.732,challenge
d04218i2,LIFE,COD,25,75.0,0.0,100.0,75.711,25.0,0.711,24.289,compromise
d04218i3,LIFE,COD,21,40.0,0.0,100.0,69.352,60.0,29.352,30.648,compromise
d04219i1,ENPI,COD,26,75.0,,83.135,65.452,8.135,9.548,-1.413,challenge
d04219i2,ENPI,COD,15,30.0,,0.0,23.201,30.0,6.799,23.201,compromise
d04219i3,ENPI,COD,26,25.0,,11.341,27.589,13.659,2.589,11.07,compromise
d04240i1,ports,COD,15,0.0,0.0,0.0,28.113,0.0,28.113,-28.113,challenge
d05007i1,redmob,COD,16,67.0,0.0,100.0,69.864,33.0,2.864,30.136,compromise
d05028i1,spirits,COD,23,20.0,0.0,32.87,37.101,12.87,17.101,-4.231,challenge
d05028i2,spirits,COD,27,70.0,0.0,80.0,78.158,10.0,8.158,1.842,compromise
d05182i1,dataret,COD,27,100.0,0.0,100.0,87.946,0.0,12.054,-12.054,challenge
d05182i2,dataret,COD,27,0.0,0.0,0.0,18.564,0.0,18.564,-18.564,challenge
d05182i3,dataret,COD,27,90.0,0.0,90.0,88.455,0.0,1.545,-1.545,challenge
d05182i4,dataret,COD,27,75.0,0.0,50.0,57.904,25.0,17.096,7.904,compromise
d05182i5,dataret,COD,27,20.0,0.0,0.0,12.979,20.0,7.021,12.979,compromise
d05183i1,air,COD,17,25.0,100.0,25.0,38.292,0.0,13.292,-13.292,challenge
d05183i2,air,COD,11,45.0,0.0,50.0,45.356,5.0,0.356,4.644,compromise
d05245i1,payment,COD,28,40.0,,60.035,56.376,20.035,16.376,3.659,compromise
d05245i2,payment,COD,25,60.0,80.0,71.366,61.706,11.366,1.706,9.66,compromise
d05245i3,payment,COD,29,100.0,0.0,100.0,86.078,0.0,13.922,-13.922,challenge
d05245i4,payment,COD,29,25.0,,100.0,79.801,75.0,54.801,20.199,compromise
d05260i1,broadcas,COD,15,50.0,0.0,100.0,73.142,50.0,23.142,26.858,compromise
d05260i2,broadcas,COD,10,66.0,100.0,66.0,44.884,0.0,21.116,-21.116,challenge
d05260i3,broadcas,COD,10,50.0,100.0,50.0,59.962,0.0,9.962,-9.962,challenge
d05260i4,broadcas,COD,27,40.0,,60.0,48.032,20.0,8.032,11.968,compromise
d05260i5,broadcas,COD,21,80.0,100.0,57.514,56.306,22.486,23.694,-1.208,challenge
d05281i1,waste,COD,27,60.0,0.0,60.0,57.029,0.0,2.971,-2.971,challenge
d05281i2,waste,COD,27,50.0,0.0,50.0,66.79,0.0,16.79,-16.79,challenge
d05281i3,waste,COD,27,30.0,0.0,20.0,26.542,10.0,3.458,6.542,compromise
d05281i4,waste,COD,27,100.0,0.0,15.307,33.81,84.693,66.19,18.504,compromise
n03318i1,hakefish,CNS,6,35.0,0.0,35.194,33.262,0.194,1.738,-1.544,challenge
n03318i2,hakefish,CNS,4,25.0,,3.239,38.208,21.761,13.208,8.554,compromise
n03318i3,hakefish,CNS,19,60.0,0.0,45.0,53.146,15.0,6.854,8.146,compromise
n03318i4,hakefish,CNS,5,0.0,,20.0,42.963,20.0,42.963,-22.963,challenge
n03327i1,Biscplan,CNS,5,25.0,,30.841,46.093,5.841,21.093,-15.252,challenge
n03327i2,Biscplan,CNS,4,100.0,,100.0,71.537,0.0,28.463,-28.463,challenge
n03327i4,Biscplan,CNS,5,60.0,,100.0,51.013,40.0,8.987,31.013,compromise
n04161i1,EAFRD,CNS,27,30.0,0.0,0.0,27.254,30.0,2.746,27.254,compromise
n04161i2,EAFRD,CNS,27,70.0,10.0,50.0,45.996,20.0,24.004,-4.004,challenge
n04164i1,CAPfin,CNS,17,35.0,0.0,29.736,39.495,5.264,4.495,0.769,compromise
n04164i2,CAPfin,CNS,27,20.0,40.0,80.0,68.346,60.0,48.346,11.654,compromise
n04164i3,CAPfin,CNS,26,35.0,0.0,25.0,26.734,10.0,8.266,1.734,compromise
n04164i4,CAPfin,CNS,25,100.0,100.0,50.0,67.371,50.0,32.629,17.371,compromise
n04164i5,CAPfin,CNS,27,0.0,,0.0,15.274,0.0,15.274,-15.274,challenge
n04169i1,EFishF,CNS,24,0.0,0.0,60.0,49.817,60.0,49.817,10.183,compromise
n04169i2,EFishF,CNS,23,50.0,100.0,30.0,34.951,20.0,15.049,4.951,compromise
n04169i3,EFishF,CNS,23,60.0,0.0,3.416,23.358,56.584,36.642,19.942,compromise
n04169i4,EFishF,CNS,23,95.0,0.0,80.0,69.374,15.0,25.626,-10.626,challenge
n05099i1,broilers,CNS,25,70.0,0.0,75.0,53.443,5.0,16.557,-11.557,challenge
n05099i2,broilers,CNS,27,0.0,0.0,7.955,33.811,7.955,33.811,-25.856,challenge
n05118i1,sugar,CNS,27,28.0,100.0,40.0,47.684,12.0,19.684,-7.684,challenge
n05118i2,sugar,CNS,22,0.0,,0.0,37.148,0.0,37.148,-37.148,challenge
n05118i3,sugar,CNS,25,64.0,100.0,80.0,75.443,16.0,11.443,4.557,compromise
d06132i1,pesticides,COD,29,50.0,,50.0,47.999,0.0,2.001,-2.001,challenge
d06132i2,pesticides,COD,29,0.0,,0.0,18.621,0.0,18.621,-18.621,challenge
d06196i1,post,COD,29,100.0,0.0,33.0,63.551,67.0,36.449,30.551,compromise
d06196i2,post,COD,29,60.0,,100.0,40.998,40.0,19.002,20.998,compromise
n07026i1,milk,CNS,28,0.0,100.0,0.0,16.645,0.0,16.645,-16.645,challenge
n07026i2,milk,CNS,28,50.0,100.0,100.0,74.973,50.0,24.973,25.027,compromise
d07035i1,mergers,COD,29,10.0,100.0,0.0,27.218,10.0,17.218,-7.218,challenge
n07045i1,CAPfin,CNS,29,0.0,,99.23,47.165,99.23,47.165,52.065,compromise
n07045i2,CAPfin,CNS,28,0.0,,0.0,50.736,0.0,50.736,-50.736,challenge
n08104i1,CAPreform,CNS,29,40.0,0.0,40.0,40.232,0.0,0.232,-0.232,challenge
n08104i2,CAPreform,CNS,27,70.0,0.0,45.482,41.76,24.518,28.24,-3.722,challenge
n08105i1,EAFRD,CNS,29,80.0,0.0,80.0,55.783,0.0,24.217,-24.217,challenge
n08143i1,VAT,CNS,29,100.0,0.0,100.0,71.392,0.0,28.608,-28.608,challenge
n08143i2,VAT,CNS,29,100.0,0.0,100.0,72.626,0.0,27.374,-27.374,challenge
n08143i3,VAT,CNS,29,80.0,0.0,100.0,70.383,20.0,9.617,10.383,compromise
n05124i1,rightsag,CNS,27,70.0,,62.645,42.754,7.355,27.246,-19.891,challenge
n05124i2,rightsag,CNS,27,0.0,,88.235,72.831,88.235,72.831,15.404,compromise
d05167i1,illegals,COD,21,90.0,,0.0,63.4,90.0,26.6,63.4,compromise
d05167i2,illegals,COD,23,70.0,,26.185,64.275,43.815,5.725,38.089,compromise
d05167i3,illegals,COD,18,30.0,,88.674,50.452,58.674,20.452,38.222,compromise
d05167i5,illegals,COD,24,70.0,,80.0,46.267,10.0,23.733,-13.733,challenge
d05283i1,vehicles,COD,27,60.0,0.0,60.0,68.742,0.0,8.742,-8.742,challenge
d05283i2,vehicles,COD,27,80.0,0.0,100.0,83.525,20.0,3.525,16.475,compromise
d05283i3,vehicles,COD,27,90.0,0.0,70.0,53.003,20.0,36.997,-16.997,challenge
d06129i1,water,COD,29,0.0,0.0,18.493,23.771,18.493,23.771,-5.278,challenge
d06129i2,water,COD,29,20.0,0.0,21.742,30.023,1.742,10.023,-8.28,challenge
d06129i3,water,COD,29,50.0,0.0,0.0,21.678,50.0,28.322,21.678,compromise
d06129i4,water,COD,29,80.0,,80.0,62.295,0.0,17.705,-17.705,challenge
d06140i1,RABIT,COD,24,70.0,0.0,100.0,71.7,30.0,1.7,28.3,compromise
d06272i1,rail,COD,27,90.0,0.0,23.691,44.155,66.309,45.845,20.464,compromise
d06304i1,emissions,COD,29,90.0,,90.0,63.136,0.0,26.864,-26.864,challenge
d06304i2,emissions,COD,29,30.0,0.0,20.0,31.416,10.0,1.416,8.584,compromise
d06304i3,emissions,COD,29,50.0,,100.0,51.03,50.0,1.03,48.97,compromise
d06304i4,emissions,COD,29,66.0,,86.714,69.596,20.714,3.596,17.118,compromise
d07013i1,charges,COD,29,30.0,,30.0,37.556,0.0,7.556,-7.556,challenge
d07013i2,charges,COD,29,30.0,0.0,29.049,40.501,0.951,10.501,-9.55,challenge
d07013i3,charges,COD,29,50.0,,35.278,39.186,14.722,10.814,3.908,compromise
d07013i4,charges,COD,29,0.0,,46.971,32.911,46.971,32.911,14.06,compromise
d07013i5,charges,COD,29,0.0,0.0,10.387,31.596,10.387,31.596,-21.209,challenge
d07297i1,carems,COD,19,0.0,,0.0,45.203,0.0,45.203,-45.203,challenge
d07297i2,carems,COD,29,60.0,,100.0,61.875,40.0,1.875,38.125,compromise
d07297i3,carems,COD,23,100.0,0.0,100.0,50.287,0.0,49.713,-49.713,challenge
d07297i4,carems,COD,20,0.0,,39.048,36.971,39.048,36.971,2.077,compromise
d07297i5,carems,COD,17,30.0,,30.0,57.956,0.0,27.956,-27.956,challenge
d06031i1,weapons,COD,27,60.0,0.0,49.004,47.752,10.996,12.248,-1.252,challenge
d06031i2,weapons,COD,27,80.0,0.0,50.0,32.884,30.0,47.116,-17.116,challenge
d04287i1,vis,COD,29,100.0,0.0,80.0,78.122,20.0,21.878,-1.878,challenge
d04287i2,vis,COD,29,0.0,0.0,50.0,54.9,50.0,54.9,-4.9,challenge
d04287i3,vis,COD,5,0.0,0.0,100.0,43.012,100.0,43.012,56.988,compromise
d04287i4,vis,COD,29,40.0,,66.675,56.13,26.675,16.13,10.546,compromise
d04287i5,vis,COD,29,50.0,,100.0,90.529,50.0,40.529,9.471,compromise
d05246i1,custom,COD,29,75.0,0.0,100.0,60.55,25.0,14.45,10.55,compromise
d05246i2,custom,COD,27,0.0,0.0,15.0,29.028,15.0,29.028,-14.028,challenge
d05246i3,custom,COD,10,75.0,0.0,100.0,82.952,25.0,7.952,17.048,compromise
d05246i4,custom,COD,29,100.0,0.0,0.0,20.181,100.0,79.819,20.181,compromise
d05246i5,custom,COD,29,100.0,0.0,100.0,80.743,0.0,19.257,-19.257,challenge
d05246i6,custom,COD,29,100.0,0.0,100.0,64.547,0.0,35.453,-35.453,challenge
n07138i1,wine,CNS,29,20.0,100.0,10.0,28.526,10.0,8.526,1.474,compromise
n07138i2,wine,CNS,29,40.0,0.0,50.0,50.801,10.0,10.801,-0.801,challenge
n07138i3,wine,CNS,29,10.0,0.0,36.287,38.957,26.287,28.957,-2.67,challenge
n07242i1,cotton,CNS,26,50.0,0.0,44.614,43.761,5.386,6.239,-0.852,challenge
d04156i1,Galileo,COD,22,45.0,,60.226,51.854,15.226,6.854,8.372,compromise
d04156i2,Galileo,COD,24,67.0,,0.0,29.397,67.0,37.603,29.397,compromise
d04156i3,Galileo,COD,29,60.0,,40.0,46.159,20.0,13.841,6.159,compromise
d06273i1,rail,COD,12,35.0,0.0,40.0,31.544,5.0,3.456,1.544,compromise
d06130i1,airtrans,COD,6,83.0,0.0,83.0,67.231,0.0,15.769,-15.769,challenge
d06130i2,airtrans,COD,11,50.0,0.0,80.0,58.116,30.0,8.116,21.884,compromise
d06130i3,airtrans,COD,13,0.0,0.0,0.0,26.42,0.0,26.42,-26.42,challenge
d06130i4,airtrans,COD,10,50.0,0.0,70.0,55.48,20.0,5.48,14.52,compromise
d06206i1,mercury,COD,9,76.0,0.0,100.0,88.485,24.0,12.485,11.515,compromise
d06206i2,mercury,COD,17,77.0,0.0,85.0,75.899,8.0,1.101,6.899,compromise
d06206i3,mercury,COD,9,83.0,0.0,100.0,58.254,17.0,24.746,-7.746,challenge
d06206i4,mercury,COD,19,50.0,,100.0,85.808,50.0,35.808,14.192,compromise
n07114i1,fishauth,CNS,15,0.0,0.0,100.0,51.718,100.0,51.718,48.282,compromise
n07114i2,fishauth,CNS,7,50.0,0.0,3.938,20.863,46.062,29.137,16.925,compromise
n07114i3,fishauth,CNS,10,0.0,0.0,0.0,11.548,0.0,11.548,-11.548,challenge
n07223i1,illfish,CNS,17,45.0,,0.0,16.875,45.0,28.125,16.875,compromise
n07223i2,illfish,CNS,19,50.0,0.0,0.0,14.825,50.0,35.175,14.825,compromise
n07223i3,illfish,CNS,22,70.0,0.0,40.372,40.656,29.628,29.344,0.284,compromise
n07223i4,illfish,CNS,21,70.0,,100.0,78.804,30.0,8.804,21.196,compromise
n07224i1,botfish,CNS,11,0.0,0.0,80.0,52.656,80.0,52.656,27.344,compromise
n07224i2,botfish,CNS,7,100.0,0.0,90.794,48.906,9.206,51.094,-41.888,challenge
n08093i1,Mauritania,CNS,12,80.0,0.0,50.0,50.778,30.0,29.222,0.778,compromise
d07249i1,markauthor,COD,7,0.0,0.0,40.0,55.919,40.0,55.919,-15.919,challenge
d07291i1,infoagency,COD,27,58.0,0.0,58.0,55.15,0.0,2.85,-2.85,challenge
d07028i1,marketing,COD,9,38.0,0.0,81.0,62.469,43.0,24.469,18.531,compromise
d07028i2,marketing,COD,5,21.0,0.0,53.0,50.708,32.0,29.708,2.292,compromise
d07028i3,marketing,COD,29,95.0,30.0,43.067,31.743,51.933,63.257,-11.324,challenge
d07028i4,marketing,COD,29,70.0,30.0,30.0,27.35,40.0,42.65,-2.65,challenge
d05211i1,marine,COD,12,25.0,,54.58,46.544,29.58,21.544,8.036,compromise
d05211i2,marine,COD,14,50.0,,93.323,76.675,43.323,26.675,16.648,compromise
d160280i1,Copyright,COD,30,50.0,,40.0,56.916,10.0,6.916,3.084,compromise
d160280i2,Copyright,COD,30,80.0,,100.0,69.45,20.0,10.55,9.45,compromise
d170228i1,Free flow,COD,30,70.0,,32.054,60.719,37.946,9.281,28.666,compromise
d160288i1,Code,COD,30,0.0,0.0,0.0,19.759,0.0,19.759,-19.759,challenge
d160288i2,Code,COD,30,60.0,0.0,100.0,67.659,40.0,7.659,32.341,compromise
d160288i3,Code,COD,30,60.0,0.0,100.0,65.565,40.0,5.565,34.435,compromise
d120193i1,PIF,COD,20,70.0,0.0,100.0,68.526,30.0,1.474,28.526,compromise
d170226i1,Non-cash,COD,27,0.0,0.0,100.0,67.922,100.0,67.922,32.078,compromise
d160231i1,Effort-sharing,COD,30,70.0,,100.0,39.538,30.0,30.462,-0.462,challenge
d160231i2,Effort-sharing,COD,26,70.0,,100.0,71.263,30.0,1.263,28.737,compromise
d160231i3,Effort-sharing,COD,29,85.0,,100.0,58.05,15.0,26.95,-11.95,challenge
d160231i4,Effort-sharing,COD,28,70.0,,50.0,41.137,20.0,28.863,-8.863,challenge
d130443i1,NEC,COD,30,70.0,,77.714,73.647,7.714,3.647,4.068,compromise
d120266i1,Medical devices ,COD,29,70.0,,70.0,67.289,0.0,2.711,-2.711,challenge
d120266i2,Medical devices ,COD,29,50.0,,70.0,57.314,20.0,7.314,12.686,compromise
d140100i1,Organic,COD,30,0.0,0.0,43.731,32.676,43.731,32.676,11.055,compromise
d140100i2,Organic,COD,30,90.0,0.0,100.0,92.962,10.0,2.962,7.038,compromise
d160070i1,Posting,COD,30,80.0,0.0,60.0,66.862,20.0,13.138,6.862,compromise
d160070i2,Posting,COD,30,0.0,0.0,100.0,52.365,100.0,52.365,47.635,compromise
d160070i3,Posting,COD,30,90.0,0.0,100.0,78.196,10.0,11.804,-1.804,challenge
d160070i4,Posting,COD,30,30.0,0.0,60.0,53.626,30.0,23.626,6.374,compromise
d160152i1,Geoblocking,COD,30,10.0,0.0,0.0,6.665,10.0,3.335,6.665,compromise
d160152i2,Geoblocking,COD,30,20.0,0.0,17.809,25.103,2.191,5.103,-2.912,challenge
d160152i3,Geoblocking,COD,30,90.0,0.0,100.0,51.27,10.0,38.73,-28.73,challenge
d150307i1,Border checks,COD,19,65.0,,100.0,72.406,35.0,7.406,27.594,compromise
d160023i1,Mercury,COD,29,50.0,0.0,40.0,39.398,10.0,10.602,-0.602,challenge
d160023i2,Mercury,COD,29,70.0,0.0,100.0,33.277,30.0,36.723,-6.723,challenge
d180104i1,ID Secure,COD,30,100.0,0.0,100.0,62.044,0.0,37.956,-37.956,challenge
d180104i2,ID Secure,COD,30,50.0,,0.0,31.883,50.0,18.117,31.883,compromise
